,Team,Number,Position,Birthdate,College,Draft_Year,Draft_Round,Draft_Pick_Overall,Draft_Team,Height,Weight,Age
Ben DiNucci,Broncos,#11,QB,11/24/1996,James Madison,2020,7,231,DAL,6' 2,215 lbs,26
Jarrett Stidham,Broncos,#4,QB,8/8/1996,Auburn,2019,4,133,NE,6' 3,215 lbs,27
Russell Wilson,Broncos,#3,QB,11/29/1988,Wisconsin,2012,3,75,SEA,5' 11,215 lbs,34
Tyler Badie,Broncos,#36,RB,2/7/2000,Missouri,2022,6,196,BAL,5' 8,197 lbs,23
Jaleel McLaughlin,Broncos,#38,RB,9/13/2000,Youngstown St,undrafted,undrafted,undrafted,undrafted,5' 7,187 lbs,23
Samaje Perine,Broncos,#25,RB,9/16/1995,Oklahoma,2017,4,114,WSH,5' 10,236 lbs,28
Dwayne Washington,Broncos,#39,RB,4/24/1994,Washington,2016,7,236,DET,6' 1,223 lbs,29
Javonte Williams,Broncos,#33,RB,4/25/2000,North Carolina,2021,2,35,DEN,5' 10,220 lbs,23
Michael Burton,Broncos,#20,FB,2/1/1992,Rutgers,2015,5,168,DET,6' 0,247 lbs,31
Michael Bandy,Broncos,#83,WR,12/5/1997,San Diego,undrafted,undrafted,undrafted,undrafted,5' 10,190 lbs,25
Phillip Dorsett,Broncos,#13,WR,1/5/1993,Miami,2015,1,29,IND,5' 10,185 lbs,30
Lil'Jordan Humphrey,Broncos,#17,WR,4/19/1998,Texas,undrafted,undrafted,undrafted,undrafted,6' 4,225 lbs,25
Jerry Jeudy,Broncos,#10,WR,4/24/1999,Alabama,2020,1,15,DEN,6' 1,193 lbs,24
Brandon Johnson,Broncos,#89,WR,7/26/1998,UCF,undrafted,undrafted,undrafted,undrafted,6' 2,195 lbs,25
Marvin Mims Jr.,Broncos,#19,WR,3/19/2002,Oklahoma,2023,2,63,DEN,5' 11,182 lbs,21
Tim Patrick,Broncos,#81,WR,11/23/1993,Utah,undrafted,undrafted,undrafted,undrafted,6' 4,212 lbs,29
David Sills V,Broncos,#87,WR,5/29/1996,West Virginia,undrafted,undrafted,undrafted,undrafted,6' 3,211 lbs,27
Tre'Quan Smith,Broncos,#81,WR,1/7/1996,UCF,2018,3,91,NO,6' 1,210 lbs,27
Courtland Sutton,Broncos,#14,WR,10/10/1995,SMU,2018,2,40,DEN,6' 4,216 lbs,28
Jalen Virgil,Broncos,#15,WR,7/13/1998,Appalachian St,undrafted,undrafted,undrafted,undrafted,6' 1,210 lbs,25
Nate Adkins,Broncos,#45,TE,7/9/1999,South Carolina,undrafted,undrafted,undrafted,undrafted,6' 3,252 lbs,24
Greg Dulcich,Broncos,#80,TE,3/26/2000,UCLA,2022,3,80,DEN,6' 4,245 lbs,23
Lucas Krull,Broncos,#85,TE,7/11/1998,Pitt,undrafted,undrafted,undrafted,undrafted,6' 6,260 lbs,25
Chris Manhertz,Broncos,#84,TE,4/10/1992,Overview,undrafted,undrafted,undrafted,undrafted,6' 6,235 lbs,31
Adam Trautman,Broncos,#82,TE,2/5/1997,Dayton,2020,3,105,NO,6' 5,253 lbs,26
Lloyd Cushenberry,Broncos,#79,C,11/22/1997,LSU,2020,3,83,DEN,6' 4,315 lbs,25
Alex Forsyth,Broncos,#76,C,2/13/1999,Oregon,2023,7,257,DEN,6' 4,312 lbs,24
Luke Wattenberg,Broncos,#60,C,9/10/1997,Washington,2022,5,171,DEN,6' 5,300 lbs,26
Quinn Meinerz,Broncos,#77,G,11/15/1998,Overview,2021,3,98,DEN,6' 3,320 lbs,24
Ben Powers,Broncos,#74,G,10/29/1996,Oklahoma,2019,4,123,BAL,6' 4,310 lbs,26
Quinn Bailey,Broncos,#75,OT,10/18/1995,Arizona St,undrafted,undrafted,undrafted,undrafted,6' 6,323 lbs,28
Garett Bolles,Broncos,#72,OT,5/27/1992,Utah,2017,1,20,DEN,6' 5,300 lbs,31
Cam Fleming,Broncos,#73,OT,9/3/1993,Stanford,2014,4,140,NE,6' 5,320 lbs,30
Demontrey Jacobs,Broncos,#71,OT,11/22/1998,South Florida,undrafted,undrafted,undrafted,undrafted,6' 6,315 lbs,24
Mike McGlinchey,Broncos,#69,OT,1/12/1995,Notre Dame,2018,1,9,SF,6' 8,315 lbs,28
Alex Palczewski,Broncos,#63,OT,8/3/1999,Illinois,undrafted,undrafted,undrafted,undrafted,6' 6,314 lbs,24
Will Sherman,Broncos,#78,OT,5/27/1999,Colorado,2021,6,197,NE,6' 4,300 lbs,24
Zach Allen,Broncos,#99,DE,8/20/1997,Boston College,2019,3,65,ARI,6' 5,285 lbs,26
Matt Henningsen,Broncos,#91,DE,7/9/1999,Wisconsin,2022,6,206,DEN,6' 3,291 lbs,24
Ronnie Perkins,Broncos,#51,DE,9/29/1999,Oklahoma,2021,3,96,NE,6' 3,253 lbs,24
Keondre Coburn,Broncos,DT,"HT/WT6' 2"", 332 lbs",5/23/2000,Texas,2023,6,194,KC,6' 2,332 lbs,23
Elijah Garcia,Broncos,#95,DT,3/11/1998,Rice,undrafted,undrafted,undrafted,undrafted,6' 5,302 lbs,25
Jonathan Harris,Broncos,#92,DT,8/4/1996,Lindenwood,undrafted,undrafted,undrafted,undrafted,6' 5,295 lbs,27
Jordan Jackson,Broncos,#90,DT,1/30/1998,Air Force,2022,6,194,NO,6' 4,294 lbs,25
D.J. Jones,Broncos,#93,DT,1/19/1995,Ole Miss,2017,6,198,SF,6' 0,305 lbs,28
Tyler Lancaster,Broncos,#96,DT,11/4/1994,Northwestern,undrafted,undrafted,undrafted,undrafted,6' 3,313 lbs,28
PJ Mustipher,Broncos,#97,DT,11/10/1999,Penn State,undrafted,undrafted,undrafted,undrafted,6' 4,315 lbs,23
Haggai Ndubuisi,Broncos,#64,DT,10/15/2000,Not Available,undrafted,undrafted,undrafted,undrafted,6' 7,323 lbs,23
Mike Purcell,Broncos,#98,DT,4/20/1991,Wyoming,undrafted,undrafted,undrafted,undrafted,6' 3,328 lbs,32
Nik Bonitto,Broncos,#42,LB,9/26/1999,Oklahoma,2022,2,64,DEN,6' 3,240 lbs,24
Baron Browning,Broncos,#56,LB,2/19/1999,Ohio State,2021,3,105,DEN,6' 3,240 lbs,24
Jonathon Cooper,Broncos,#0,LB,1/8/1998,Ohio State,2021,7,239,DEN,6' 4,257 lbs,25
Jonas Griffith,Broncos,#50,LB,1/27/1997,Indiana St,undrafted,undrafted,undrafted,undrafted,6' 4,250 lbs,26
Marcus Haynes,Broncos,#52,LB,4/7/1998,Old Dominion,undrafted,undrafted,undrafted,undrafted,6' 4,240 lbs,25
Thomas Incoom,Broncos,#59,LB,2/19/1999,C Michigan,undrafted,undrafted,undrafted,undrafted,6' 2,265 lbs,24
Josey Jewell,Broncos,#47,LB,12/25/1994,Iowa,2018,4,106,DEN,6' 2,236 lbs,28
Ben Niemann,Broncos,#57,LB,7/27/1995,Iowa,undrafted,undrafted,undrafted,undrafted,6' 2,235 lbs,28
Drew Sanders,Broncos,#41,LB,12/31/2001,Arkansas,2023,3,67,DEN,6' 5,233 lbs,21
Alex Singleton,Broncos,#49,LB,12/7/1993,Montana State,undrafted,undrafted,undrafted,undrafted,6' 2,240 lbs,29
Justin Strnad,Broncos,#40,LB,8/21/1996,Wake Forest,2020,5,178,DEN,6' 3,235 lbs,27
Art Green,Broncos,#28,CB,4/29/2000,Houston,undrafted,undrafted,undrafted,undrafted,6' 1,201 lbs,23
Damarri Mathis,Broncos,#27,CB,4/12/1999,Pitt,2022,4,115,DEN,5' 11,195 lbs,24
Ja'Quan McMillian,Broncos,#29,CB,6/4/2000,East Carolina,undrafted,undrafted,undrafted,undrafted,5' 10,183 lbs,23
Fabian Moreau,Broncos,#23,CB,4/9/1994,UCLA,2017,3,81,WSH,6' 0,198 lbs,29
Riley Moss,Broncos,#37,CB,3/3/2000,Iowa,2023,3,83,DEN,6' 0,193 lbs,23
Tremon Smith,Broncos,#1,CB,7/20/1996,Cent Arkansas,2018,6,196,KC,6' 0,190 lbs,27
Pat Surtain II,Broncos,#2,CB,4/14/2000,Alabama,2021,1,9,DEN,6' 2,202 lbs,23
K'Waun Williams,Broncos,#8,CB,7/12/1991,Pitt,undrafted,undrafted,undrafted,undrafted,5' 9,185 lbs,32
Kareem Jackson,Broncos,#22,S,4/10/1988,Alabama,2010,1,20,HOU,5' 10,183 lbs,35
Devon Key,Broncos,#26,S,10/28/1997,Western KY,undrafted,undrafted,undrafted,undrafted,6' 0,208 lbs,25
P.J. Locke,Broncos,#6,S,2/12/1997,Texas,undrafted,undrafted,undrafted,undrafted,5' 10,202 lbs,26
Justin Simmons,Broncos,#31,S,11/19/1993,Boston College,2016,3,98,DEN,6' 2,202 lbs,29
JL Skinner,Broncos,#34,S,4/16/2001,Boise St,2023,6,183,DEN,6' 4,220 lbs,22
Caden Sterns,Broncos,#30,S,11/2/1999,Texas,2021,5,152,DEN,6' 1,207 lbs,23
Delarrin Turner-Yell,Broncos,#32,S,12/16/1999,Oklahoma,2022,5,152,DEN,5' 11,200 lbs,23
Wil Lutz,Broncos,#16,PK,7/7/1994,Georgia State,undrafted,undrafted,undrafted,undrafted,5' 11,184 lbs,29
Riley Dixon,Broncos,#9,P,8/24/1993,Syracuse,2016,7,228,DEN,6' 4,221 lbs,30
Mitchell Fraboni,Broncos,#48,LS,10/28/1996,Arizona State,undrafted,undrafted,undrafted,undrafted,6' 2,223 lbs,26
